laz_file,polygons_wkt
397689_2023_tava.laz,"['POLYGON ((0.8603584127267823 0.0881392126902938, 0.8606247089919634 0.0879507111385465, 0.8606968518579379 0.0877036321908236, 0.8607018518378027 0.0873470036312938, 0.8606201058137231 0.0870919469743967, 0.8604165873257443 0.0870966659858823, 0.8602497618994676 0.0873635578900576, 0.8600388888735324 0.0877370778471232, 0.8603584127267823 0.0881392126902938))']"
402642_2023_tava.laz,"['POLYGON ((0.7369291270151734 0.1075018346309662, 0.7370001851813868 0.1075302613899112, 0.7371237830957398 0.1074690259993076, 0.737298333318904 0.1072350181639194, 0.7372782539459877 0.1069485014304519, 0.7370882539544255 0.1067516477778554, 0.7368889682693407 0.1068194378167391, 0.7368503439356573 0.1070425463840365, 0.7368456878466532 0.1071868911385536, 0.7369291270151734 0.1075018346309662))']"
402674_2023_tava.laz,"['POLYGON ((0.8219753439188935 0.1060481648892164, 0.8219953174702823 0.1058496255427599, 0.8219813492032699 0.1058313101530075, 0.8218901322688907 0.1058326214551926, 0.8218017989420332 0.1058475282043219, 0.8217502645566128 0.10585599206388, 0.8217293386114761 0.1059431461617351, 0.8217885714257136 0.1060110107064247, 0.8218392592389137 0.1060177898034453, 0.8218851851997897 0.1059865541756153, 0.8219265873194672 0.1059869658201933, 0.8219753439188935 0.1060481648892164))']"
407676_2023_tava.laz,"['POLYGON ((0.8271766667021438 0.1271771527826786, 0.8272384126903489 0.1271564420312643, 0.8272771428455599 0.1271016104146838, 0.8273043386288919 0.1269579026848078, 0.8272436507977545 0.126831985078752, 0.827153650810942 0.1268289880827069, 0.8270688888733275 0.1269119847565889, 0.8271766667021438 0.1271771527826786))']"
407700_2023_tava.laz,"['POLYGON ((0.8892044709064066 0.1263377154245973, 0.8890979629941285 0.1263936329632998, 0.8890403968398459 0.1264450559392571, 0.888916481519118 0.1264753555878997, 0.8889309259247966 0.1265811985358596, 0.8890850793686695 0.1265452429652214, 0.8891083333292045 0.1265892507508397, 0.8893532010843046 0.1265044193714857, 0.8893566931365058 0.126462284475565, 0.8893334920867346 0.1263690637424588, 0.8892678042175248 0.1263276021927595, 0.8892044709064066 0.1263377154245973))']"
417677_2023_tava.laz,"['POLYGON ((0.8284628306864761 0.1625635577365756, 0.8286624868051149 0.1633067782968283, 0.8294742592843249 0.163148089312017, 0.8295022751553915 0.1626032209023833, 0.8294042063644156 0.1626428831368685, 0.8293485979083925 0.1625437075272202, 0.8293240740895271 0.162419737316668, 0.8293345767306164 0.1622765539214015, 0.8289667989592999 0.1623261421918869, 0.8284628306864761 0.1625635577365756))']"
420652_2023_tava.laz,"['POLYGON ((0.7624474603217095 0.1750991754233837, 0.7625321957748383 0.1750845685601234, 0.762606640229933 0.1750132581219077, 0.7626215079217218 0.1749273408204317, 0.7626180687802844 0.1748446440324187, 0.7626032010884956 0.1746874153614044, 0.7625081481528468 0.1746031083166599, 0.7623947883839719 0.1746436329558492, 0.7623386772465892 0.1746825464069843, 0.7622802910045721 0.1747441198676825, 0.7622619576868601 0.1748105986043811, 0.7622734127216972 0.1749127339571714, 0.7624039418296888 0.1750845685601234, 0.7624474603217095 0.1750991754233837))']"
422683_2023_tava.laz,"['POLYGON ((0.8445526984287426 0.1805960293859243, 0.8443149470840581 0.1804467411711812, 0.8441317460383289 0.1805037828162312, 0.8440940476139076 0.180573670193553, 0.8440699735656381 0.1806466290727258, 0.8440595238353126 0.1807323219254613, 0.8440734391333535 0.1808446068316698, 0.8441226455033757 0.1809636326506734, 0.8441261111292988 0.181054194457829, 0.8445526984287426 0.1805960293859243))']"
428638_2023_tava.laz,"['POLYGON ((0.726718730176799 0.2039541946724057, 0.7267689153668471 0.2038713106885552, 0.7268060846836306 0.203746329061687, 0.7267828571493737 0.2036016099154949, 0.726738253957592 0.2035345314070582, 0.7266546296305023 0.2035266291350126, 0.7265784126939252 0.2035963665693998, 0.7265059523633681 0.2036542315036058, 0.7264659788343124 0.2037792131304741, 0.7265087301493622 0.2038976401090622, 0.7265449735568836 0.2039555050432682, 0.7266276719747111 0.2039791755378246, 0.726718730176799 0.2039541946724057))']"
429613_2023_tava.laz,"['POLYGON ((0.66029716929188 0.2076104870066047, 0.6603224338614382 0.2077521346509457, 0.6604399470961653 0.2077933708205819, 0.6605749735608697 0.2075595874339342, 0.6605887830955908 0.207488764077425, 0.6605555555433966 0.2073725843802094, 0.6604593915399164 0.2073354674503207, 0.6603865344077349 0.2073904490098357, 0.6603360317531042 0.2075265916064382, 0.66029716929188 0.2076104870066047))']"
431610_2023_tava.laz,"['POLYGON ((0.6535581481293775 0.2191394381225109, 0.653605634928681 0.2191416099667549, 0.6536170370527543 0.2191378269344568, 0.6536280688014813 0.2191259926185012, 0.6536497354391031 0.2190969288349152, 0.6536565608694218 0.2190587259829044, 0.65367671957938 0.219031834974885, 0.6537002910044976 0.2190183894708753, 0.6537204232881777 0.2190167782828212, 0.6538249470759183 0.2190544195473194, 0.6538374867523089 0.219091011211276, 0.6538333068601787 0.2191232955083251, 0.6538287301664241 0.2191346064209938, 0.6538256878266111 0.2191480519250035, 0.6538352116476744 0.2191631086170673, 0.6538530687685125 0.2191733326762915, 0.653873597853817 0.219170636497438, 0.6538899206207134 0.2191577525809407, 0.6539043650845997 0.2191243814304471, 0.6539051322615705 0.2190964045003056, 0.6539157672086731 0.2190372282639146, 0.6539271693327464 0.2190129961818457, 0.6539302116143517 0.2186611229553819, 0.6539096825290471 0.2185034453868866, 0.6538933597621508 0.2184480521827936, 0.6538891798700206 0.2184265162795782, 0.6538891798700206 0.2184179024770856, 0.6539062698138878 0.2183237448334694, 0.6539176719379611 0.2182801496237516, 0.6539336243295111 0.218243557959795, 0.653958730166778 0.218215580098331, 0.6539933068561368 0.2181973028928042, 0.6540389153524302 0.2181989131495357, 0.6540567724732682 0.2182000000029802, 0.6540943915606476 0.2181946067139506, 0.654126005305443 0.2181849060580134, 0.6541371693019755 0.2181642688810825, 0.6541586243547499 0.2181460298597813, 0.6541792063508183 0.2181520974263549, 0.6541920899180695 0.2181642688810825, 0.6542066931142472 0.2181800743564963, 0.6542264285963029 0.2181849060580134, 0.6542401587357745 0.2181788384914398, 0.6542650264455006 0.2181679019704461, 0.6543869047891349 0.2181265912950039, 0.6544186507817358 0.218156966380775, 0.6544401058345102 0.2181824715808034, 0.6544718783115968 0.2181642688810825, 0.6544967460213229 0.2178702242672443, 0.6544710053130984 0.2178605236113071, 0.6544452645466663 0.2178350184112787, 0.6542281481670216 0.2173319850116968, 0.6542607407318428 0.2173004113137722, 0.6542873544967733 0.2173210484907031, 0.6543148148339242 0.2173234829679132, 0.6543422751128674 0.2173210484907031, 0.6544203703524545 0.2172931078821421, 0.6545079100760631 0.21725910063833, 0.6546323545044288 0.2171886516734958, 0.6545542592648417 0.2169468533247709, 0.6543997883563861 0.2170452801510692, 0.6541586243547499 0.2171691758558154, 0.6539775396813639 0.2172579020261764, 0.6539706878247671 0.2172834081575274, 0.6539595238282345 0.2172408606857061, 0.6539389153476804 0.2172129210084677, 0.6539166137808934 0.2171825468540192, 0.6539097354398109 0.2171254679560661, 0.6539046031539328 0.2170671531930566, 0.6539080158690922 0.2170476773753762, 0.653900291013997 0.2170294756069779, 0.6539028835832141 0.2169699249789119, 0.6539054497261532 0.2169529208913446, 0.6539191798656248 0.2169456547126174, 0.65398269839352 0.2169006736949086, 0.6540461904951371 0.2168581644073129, 0.6539998412481509 0.2167463665828109, 0.6539586507715285 0.2167828464880586, 0.6538762698182836 0.2168678650632501, 0.6537844444392249 0.2170015349984169, 0.6537432539626025 0.2170695504173636, 0.6536702910088934 0.2172117223963141, 0.6536454232991673 0.2172785392031074, 0.6535973544814624 0.2173915356397629, 0.6536050793365575 0.2174510862678289, 0.6535724603454582 0.2175385393202305, 0.6535218253848143 0.2175579769536853, 0.6532832539523952 0.2180986516177654, 0.6532738095265813 0.2181727709248662, 0.6532831217045896 0.2182225463911891, 0.6533830158878118 0.2185728838667274, 0.6534014814533293 0.2186708236113191, 0.6535581481293775 0.2191394381225109))']"
431611_2023_tava.laz,"['POLYGON ((0.6535581481293775 0.2191394381225109, 0.653605634928681 0.2191416099667549, 0.6536170370527543 0.2191378269344568, 0.6536280688014813 0.2191259926185012, 0.6536497354391031 0.2190969288349152, 0.6536565608694218 0.2190587259829044, 0.65367671957938 0.219031834974885, 0.6537002910044976 0.2190183894708753, 0.6537204232881777 0.2190167782828212, 0.6538249470759183 0.2190544195473194, 0.6538374867523089 0.219091011211276, 0.6538333068601787 0.2191232955083251, 0.6538287301664241 0.2191346064209938, 0.6538256878266111 0.2191480519250035, 0.6538352116476744 0.2191631086170673, 0.6538530687685125 0.2191733326762915, 0.653873597853817 0.219170636497438, 0.6538899206207134 0.2191577525809407, 0.6539043650845997 0.2191243814304471, 0.6539051322615705 0.2190964045003056, 0.6539157672086731 0.2190372282639146, 0.6539271693327464 0.2190129961818457, 0.6539302116143517 0.2186611229553819, 0.6539096825290471 0.2185034453868866, 0.6538933597621508 0.2184480521827936, 0.6538891798700206 0.2184265162795782, 0.6538891798700206 0.2184179024770856, 0.6539062698138878 0.2183237448334694, 0.6539176719379611 0.2182801496237516, 0.6539336243295111 0.218243557959795, 0.653958730166778 0.218215580098331, 0.6539933068561368 0.2181973028928042, 0.6540389153524302 0.2181989131495357, 0.6540567724732682 0.2182000000029802, 0.6540943915606476 0.2181946067139506, 0.654126005305443 0.2181849060580134, 0.6541371693019755 0.2181642688810825, 0.6541586243547499 0.2181460298597813, 0.6541792063508183 0.2181520974263549, 0.6541920899180695 0.2181642688810825, 0.6542066931142472 0.2181800743564963, 0.6542264285963029 0.2181849060580134, 0.6542401587357745 0.2181788384914398, 0.6542650264455006 0.2181679019704461, 0.6543869047891349 0.2181265912950039, 0.6544186507817358 0.218156966380775, 0.6544401058345102 0.2181824715808034, 0.6544718783115968 0.2181642688810825, 0.6544967460213229 0.2178702242672443, 0.6544710053130984 0.2178605236113071, 0.6544452645466663 0.2178350184112787, 0.6542281481670216 0.2173319850116968, 0.6542607407318428 0.2173004113137722, 0.6542873544967733 0.2173210484907031, 0.6543148148339242 0.2173234829679132, 0.6543422751128674 0.2173210484907031, 0.6544203703524545 0.2172931078821421, 0.6545079100760631 0.21725910063833, 0.6546323545044288 0.2171886516734958, 0.6545542592648417 0.2169468533247709, 0.6543997883563861 0.2170452801510692, 0.6541586243547499 0.2171691758558154, 0.6539775396813639 0.2172579020261764, 0.6539706878247671 0.2172834081575274, 0.6539595238282345 0.2172408606857061, 0.6539389153476804 0.2172129210084677, 0.6539166137808934 0.2171825468540192, 0.6539097354398109 0.2171254679560661, 0.6539046031539328 0.2170671531930566, 0.6539080158690922 0.2170476773753762, 0.653900291013997 0.2170294756069779, 0.6539028835832141 0.2169699249789119, 0.6539054497261532 0.2169529208913446, 0.6539191798656248 0.2169456547126174, 0.65398269839352 0.2169006736949086, 0.6540461904951371 0.2168581644073129, 0.6539998412481509 0.2167463665828109, 0.6539586507715285 0.2167828464880586, 0.6538762698182836 0.2168678650632501, 0.6537844444392249 0.2170015349984169, 0.6537432539626025 0.2170695504173636, 0.6536702910088934 0.2172117223963141, 0.6536454232991673 0.2172785392031074, 0.6535973544814624 0.2173915356397629, 0.6536050793365575 0.2174510862678289, 0.6535724603454582 0.2175385393202305, 0.6535218253848143 0.2175579769536853, 0.6532832539523952 0.2180986516177654, 0.6532738095265813 0.2181727709248662, 0.6532831217045896 0.2182225463911891, 0.6533830158878118 0.2185728838667274, 0.6534014814533293 0.2186708236113191, 0.6535581481293775 0.2191394381225109))']"
432610_2023_tava.laz,"['POLYGON ((0.6535581481293775 0.2191394381225109, 0.653605634928681 0.2191416099667549, 0.6536170370527543 0.2191378269344568, 0.6536280688014813 0.2191259926185012, 0.6536497354391031 0.2190969288349152, 0.6536565608694218 0.2190587259829044, 0.65367671957938 0.219031834974885, 0.6537002910044976 0.2190183894708753, 0.6537204232881777 0.2190167782828212, 0.6538249470759183 0.2190544195473194, 0.6538374867523089 0.219091011211276, 0.6538333068601787 0.2191232955083251, 0.6538287301664241 0.2191346064209938, 0.6538256878266111 0.2191480519250035, 0.6538352116476744 0.2191631086170673, 0.6538530687685125 0.2191733326762915, 0.653873597853817 0.219170636497438, 0.6538899206207134 0.2191577525809407, 0.6539043650845997 0.2191243814304471, 0.6539051322615705 0.2190964045003056, 0.6539157672086731 0.2190372282639146, 0.6539271693327464 0.2190129961818457, 0.6539302116143517 0.2186611229553819, 0.6539096825290471 0.2185034453868866, 0.6538933597621508 0.2184480521827936, 0.6538891798700206 0.2184265162795782, 0.6538891798700206 0.2184179024770856, 0.6539062698138878 0.2183237448334694, 0.6539176719379611 0.2182801496237516, 0.6539336243295111 0.218243557959795, 0.653958730166778 0.218215580098331, 0.6539933068561368 0.2181973028928042, 0.6540389153524302 0.2181989131495357, 0.6540567724732682 0.2182000000029802, 0.6540943915606476 0.2181946067139506, 0.654126005305443 0.2181849060580134, 0.6541371693019755 0.2181642688810825, 0.6541586243547499 0.2181460298597813, 0.6541792063508183 0.2181520974263549, 0.6541920899180695 0.2181642688810825, 0.6542066931142472 0.2181800743564963, 0.6542264285963029 0.2181849060580134, 0.6542401587357745 0.2181788384914398, 0.6542650264455006 0.2181679019704461, 0.6543869047891349 0.2181265912950039, 0.6544186507817358 0.218156966380775, 0.6544401058345102 0.2181824715808034, 0.6544718783115968 0.2181642688810825, 0.6544967460213229 0.2178702242672443, 0.6544710053130984 0.2178605236113071, 0.6544452645466663 0.2178350184112787, 0.6542281481670216 0.2173319850116968, 0.6542607407318428 0.2173004113137722, 0.6542873544967733 0.2173210484907031, 0.6543148148339242 0.2173234829679132, 0.6543422751128674 0.2173210484907031, 0.6544203703524545 0.2172931078821421, 0.6545079100760631 0.21725910063833, 0.6546323545044288 0.2171886516734958, 0.6545542592648417 0.2169468533247709, 0.6543997883563861 0.2170452801510692, 0.6541586243547499 0.2171691758558154, 0.6539775396813639 0.2172579020261764, 0.6539706878247671 0.2172834081575274, 0.6539595238282345 0.2172408606857061, 0.6539389153476804 0.2172129210084677, 0.6539166137808934 0.2171825468540192, 0.6539097354398109 0.2171254679560661, 0.6539046031539328 0.2170671531930566, 0.6539080158690922 0.2170476773753762, 0.653900291013997 0.2170294756069779, 0.6539028835832141 0.2169699249789119, 0.6539054497261532 0.2169529208913446, 0.6539191798656248 0.2169456547126174, 0.65398269839352 0.2169006736949086, 0.6540461904951371 0.2168581644073129, 0.6539998412481509 0.2167463665828109, 0.6539586507715285 0.2167828464880586, 0.6538762698182836 0.2168678650632501, 0.6537844444392249 0.2170015349984169, 0.6537432539626025 0.2170695504173636, 0.6536702910088934 0.2172117223963141, 0.6536454232991673 0.2172785392031074, 0.6535973544814624 0.2173915356397629, 0.6536050793365575 0.2174510862678289, 0.6535724603454582 0.2175385393202305, 0.6535218253848143 0.2175579769536853, 0.6532832539523952 0.2180986516177654, 0.6532738095265813 0.2181727709248662, 0.6532831217045896 0.2182225463911891, 0.6533830158878118 0.2185728838667274, 0.6534014814533293 0.2186708236113191, 0.6535581481293775 0.2191394381225109))']"
432611_2023_tava.laz,"['POLYGON ((0.6535581481293775 0.2191394381225109, 0.653605634928681 0.2191416099667549, 0.6536170370527543 0.2191378269344568, 0.6536280688014813 0.2191259926185012, 0.6536497354391031 0.2190969288349152, 0.6536565608694218 0.2190587259829044, 0.65367671957938 0.219031834974885, 0.6537002910044976 0.2190183894708753, 0.6537204232881777 0.2190167782828212, 0.6538249470759183 0.2190544195473194, 0.6538374867523089 0.219091011211276, 0.6538333068601787 0.2191232955083251, 0.6538287301664241 0.2191346064209938, 0.6538256878266111 0.2191480519250035, 0.6538352116476744 0.2191631086170673, 0.6538530687685125 0.2191733326762915, 0.653873597853817 0.219170636497438, 0.6538899206207134 0.2191577525809407, 0.6539043650845997 0.2191243814304471, 0.6539051322615705 0.2190964045003056, 0.6539157672086731 0.2190372282639146, 0.6539271693327464 0.2190129961818457, 0.6539302116143517 0.2186611229553819, 0.6539096825290471 0.2185034453868866, 0.6538933597621508 0.2184480521827936, 0.6538891798700206 0.2184265162795782, 0.6538891798700206 0.2184179024770856, 0.6539062698138878 0.2183237448334694, 0.6539176719379611 0.2182801496237516, 0.6539336243295111 0.218243557959795, 0.653958730166778 0.218215580098331, 0.6539933068561368 0.2181973028928042, 0.6540389153524302 0.2181989131495357, 0.6540567724732682 0.2182000000029802, 0.6540943915606476 0.2181946067139506, 0.654126005305443 0.2181849060580134, 0.6541371693019755 0.2181642688810825, 0.6541586243547499 0.2181460298597813, 0.6541792063508183 0.2181520974263549, 0.6541920899180695 0.2181642688810825, 0.6542066931142472 0.2181800743564963, 0.6542264285963029 0.2181849060580134, 0.6542401587357745 0.2181788384914398, 0.6542650264455006 0.2181679019704461, 0.6543869047891349 0.2181265912950039, 0.6544186507817358 0.218156966380775, 0.6544401058345102 0.2181824715808034, 0.6544718783115968 0.2181642688810825, 0.6544967460213229 0.2178702242672443, 0.6544710053130984 0.2178605236113071, 0.6544452645466663 0.2178350184112787, 0.6542281481670216 0.2173319850116968, 0.6542607407318428 0.2173004113137722, 0.6542873544967733 0.2173210484907031, 0.6543148148339242 0.2173234829679132, 0.6543422751128674 0.2173210484907031, 0.6544203703524545 0.2172931078821421, 0.6545079100760631 0.21725910063833, 0.6546323545044288 0.2171886516734958, 0.6545542592648417 0.2169468533247709, 0.6543997883563861 0.2170452801510692, 0.6541586243547499 0.2171691758558154, 0.6539775396813639 0.2172579020261764, 0.6539706878247671 0.2172834081575274, 0.6539595238282345 0.2172408606857061, 0.6539389153476804 0.2172129210084677, 0.6539166137808934 0.2171825468540192, 0.6539097354398109 0.2171254679560661, 0.6539046031539328 0.2170671531930566, 0.6539080158690922 0.2170476773753762, 0.653900291013997 0.2170294756069779, 0.6539028835832141 0.2169699249789119, 0.6539054497261532 0.2169529208913446, 0.6539191798656248 0.2169456547126174, 0.65398269839352 0.2169006736949086, 0.6540461904951371 0.2168581644073129, 0.6539998412481509 0.2167463665828109, 0.6539586507715285 0.2167828464880586, 0.6538762698182836 0.2168678650632501, 0.6537844444392249 0.2170015349984169, 0.6537432539626025 0.2170695504173636, 0.6536702910088934 0.2172117223963141, 0.6536454232991673 0.2172785392031074, 0.6535973544814624 0.2173915356397629, 0.6536050793365575 0.2174510862678289, 0.6535724603454582 0.2175385393202305, 0.6535218253848143 0.2175579769536853, 0.6532832539523952 0.2180986516177654, 0.6532738095265813 0.2181727709248662, 0.6532831217045896 0.2182225463911891, 0.6533830158878118 0.2185728838667274, 0.6534014814533293 0.2186708236113191, 0.6535581481293775 0.2191394381225109))']"
433672_2023_tava.laz,"['POLYGON ((0.8156712169293314 0.2246903367340565, 0.8158236243179999 0.2246780144050717, 0.8159605290857144 0.224662808701396, 0.8160180688137189 0.2246708609163761, 0.8160129100433551 0.2244841568171978, 0.8159508995013312 0.2242263667285442, 0.8157454233150929 0.2242840444669128, 0.8156578306807205 0.2244049431756139, 0.8156712169293314 0.2246903367340565))']"
434635_2023_tava.laz,"['POLYGON ((0.7172308994922787 0.2267817603424192, 0.717750767187681 0.2264446066692472, 0.7178059523575939 0.2260252060368657, 0.7175010052742437 0.2257661418989301, 0.7169927513459697 0.2262349063530564, 0.7172308994922787 0.2267817603424192))']"
437647_2023_tava.laz,"['POLYGON ((0.7509874867973849 0.2399176023900509, 0.7510202380944975 0.2398842321708798, 0.7510582010727376 0.2397752804681659, 0.7510052910074592 0.2391760293394327, 0.7507407407392748 0.2388389511033893, 0.7506743386038579 0.238825055770576, 0.7505878571537323 0.2389010861515999, 0.7505498677492142 0.2390031078830361, 0.7505747618852183 0.2392516853287816, 0.7506743386038579 0.2395095126703382, 0.7509874867973849 0.2399176023900509))']"
437681_2023_tava.laz,"['POLYGON ((0.8391778571531177 0.2367163663730025, 0.8393209788482636 0.2367976401001215, 0.8394006085000001 0.2366791004315019, 0.8394606878282502 0.2365908613428474, 0.8395426719798706 0.2364183887839317, 0.8395724867586978 0.2362048681825399, 0.83960198413115 0.2359012728556991, 0.8395479365135543 0.235785243101418, 0.8392813492100686 0.2358522843569517, 0.8391426984453574 0.235950973816216, 0.8391016402165405 0.2362092128023505, 0.8390902380924672 0.2364247562363744, 0.8391778571531177 0.2367163663730025))']"
439631_2023_tava.laz,"['POLYGON ((0.7086989947129041 0.2448955429717898, 0.7087183862458915 0.2448003366589546, 0.70871780422749 0.244650861248374, 0.7085115608642809 0.2446589507162571, 0.7084340740693733 0.2447188757359982, 0.7083617989555933 0.2449820972979069, 0.708419629605487 0.2451557675376534, 0.7084946560789831 0.2451955052092671, 0.7085675132111646 0.2451135953888297, 0.7086989947129041 0.2448955429717898))']"
441622_2023_tava.laz,"['POLYGON ((0.6830680423299782 0.2525309361517429, 0.6831214285921305 0.2524957302957773, 0.6831418782821856 0.252422247081995, 0.6831375132314861 0.2522990629076958, 0.6831111905048601 0.2521717604249716, 0.6830782804172486 0.2520910110324621, 0.6830424602958374 0.2520496249198914, 0.6829978571622632 0.2520547937601805, 0.6829576455056667 0.252087902277708, 0.6829196296166629 0.2521438198164105, 0.6828201852040365 0.2522742319852114, 0.6828845238196664 0.2525040069594979, 0.6829210846335627 0.2525381641462445, 0.6830680423299782 0.2525309361517429))']"
442647_2023_tava.laz,"['POLYGON ((0.7506640211795457 0.2576853930950165, 0.7505634920671582 0.2578764045611024, 0.7505466401926242 0.258165430277586, 0.7506221428629942 0.2582777524366975, 0.7507423809729517 0.2583393258973956, 0.7509883862221614 0.2583234077319503, 0.7510533068561926 0.2581694750115275, 0.7510336772538722 0.2577141569927335, 0.7506640211795457 0.2576853930950165))']"
443689_2023_tava.laz,"['POLYGON ((0.8605793651076965 0.2587153557687998, 0.8605606084456667 0.2585416473448276, 0.8605000000097789 0.2584119848906994, 0.8602645502542146 0.2585505610331893, 0.8602142857271247 0.2587340818718076, 0.860317460319493 0.2588426964357495, 0.8604550264426507 0.2588464412838221, 0.8605793651076965 0.2587153557687998))']"
444615_2023_tava.laz,"['POLYGON ((0.6653756613959558 0.2626479398459196, 0.6655502645298839 0.2626029960811138, 0.665529100515414 0.2622921345755458, 0.6654074073885567 0.2621722845360637, 0.6652275132364593 0.2622359544038773, 0.6653756613959558 0.2626479398459196))']"
444670_2023_tava.laz,"['POLYGON ((0.8117843121872284 0.2663243813440204, 0.8119011110975407 0.2663359176367521, 0.8118929629563354 0.2658051680773497, 0.8116756349336356 0.2657436328008771, 0.811632169294171 0.266301310621202, 0.8117843121872284 0.2663243813440204))']"
445670_2023_tava.laz,"['POLYGON ((0.8117843121872284 0.2663243813440204, 0.8119011110975407 0.2663359176367521, 0.8118929629563354 0.2658051680773497, 0.8116756349336356 0.2657436328008771, 0.811632169294171 0.266301310621202, 0.8117843121872284 0.2663243813440204))']"
448650_2023_tava.laz,"['POLYGON ((0.757279708981514 0.2805955056101084, 0.7572889418224804 0.2804988389834762, 0.7572612434159964 0.280461423099041, 0.7572095767245628 0.2804668536409736, 0.7571310846833512 0.280521048232913, 0.7571062169154175 0.2805928457528353, 0.757133015897125 0.28071344550699, 0.757195211655926 0.2807865915820003, 0.7572348942048848 0.2807897748425603, 0.757246084685903 0.2807616479694843, 0.7572551851626486 0.2807357674464583, 0.7572665343759581 0.2806914607062936, 0.7572737566079013 0.2806464787572622, 0.757279708981514 0.2805955056101084))']"
451700_2023_tava.laz,"['POLYGON ((0.8891203703824431 0.2891745688393712, 0.8890166666824371 0.2894515348598361, 0.8890797354397364 0.2896240819245577, 0.8891449471120723 0.2898707864806056, 0.8892614814685658 0.2898586886003614, 0.8892016137833707 0.2894833330065012, 0.8892956878407858 0.2892275275662541, 0.8891203703824431 0.2891745688393712))']"
458643_2023_tava.laz,"['POLYGON ((0.7407897354569286 0.3158703744411468, 0.7406483598169871 0.3156956927850842, 0.7404144444735721 0.3156156176701188, 0.7404221428441815 0.315906778909266, 0.7407100528944284 0.3160741571336985, 0.7407897354569286 0.3158703744411468))']"
458644_2023_tava.laz,"['POLYGON ((0.7416848412831314 0.3154310854151845, 0.7417056084959768 0.3154678652063012, 0.7418166931020096 0.3153400374576449, 0.7417075661360286 0.3151607112959027, 0.7415893650613725 0.3152738194912672, 0.7416848412831314 0.3154310854151845))']"
459654_2023_tava.laz,"['POLYGON ((0.7690697619109415 0.3194467416033149, 0.7690310846664943 0.3194062169641256, 0.768956296320539 0.3194388756528497, 0.7689297354663722 0.3194991759955883, 0.7689250793773681 0.3195544192567468, 0.7689536507823505 0.3195991758257151, 0.7691124867997132 0.3197758048772812, 0.769155238114763 0.3197697745636106, 0.769250079349149 0.3197285393252969, 0.7692596296546981 0.3196831457316876, 0.7692516137612984 0.319623407907784, 0.7692009788588621 0.3195738568902016, 0.7690697619109415 0.3194467416033149))']"
462636_2023_tava.laz,"['POLYGON ((0.720476507965941 0.3334443438798189, 0.7205250793485902 0.3333967411890626, 0.7205717724864371 0.3333226963877678, 0.7205857671797276 0.3332751309499145, 0.720561507914681 0.3332380894571543, 0.7204503703978844 0.333190486766398, 0.7203719312092289 0.3331749057397246, 0.7203221957897767 0.3331858795136213, 0.7202934391680174 0.333225954324007, 0.7203436507843435 0.333388838917017, 0.7203775132074952 0.3334734449163079, 0.7203980687772855 0.3334813853725791, 0.720476507965941 0.3334443438798189))', 'POLYGON ((0.720374708995223 0.3320362539961934, 0.7204036772600375 0.332012434490025, 0.7204279365250841 0.3319754302501678, 0.7204587566084228 0.3318947562947869, 0.7204643650911748 0.3317532958462834, 0.7204550264286809 0.3316765911877155, 0.7204298148280941 0.3316012360155582, 0.7203905819915235 0.3315708236768842, 0.720328941824846 0.3315814230591059, 0.7202794444747269 0.331615804694593, 0.7202542328159325 0.3316819099709392, 0.7202682539937086 0.3319066660478711, 0.7203167989500798 0.331983370706439, 0.7203551058191806 0.3320230329409242, 0.720374708995223 0.3320362539961934))']"
462683_2023_tava.laz,"['POLYGON ((0.8448756613652222 0.3319976404309273, 0.845018544991035 0.3319807490333915, 0.8450805555912666 0.3318108608946204, 0.8450337830581702 0.3316821716725826, 0.8450076719745994 0.3315459173172712, 0.8449340476072393 0.3315877895802259, 0.8449044179869816 0.3316046437248588, 0.8448756613652222 0.3319976404309273))']"
463590_2021_tava.laz,"['POLYGON ((0.6002667195862159 0.3372082393616438, 0.6004516666871496 0.3373425835743546, 0.6006366402143613 0.3370169661939144, 0.600689709011931 0.3368712356314063, 0.600721878290642 0.3367437077686191, 0.600734761916101 0.3366230335086584, 0.6006494973553345 0.3366185016930103, 0.6006076984340325 0.3366936324164271, 0.6005835714167915 0.3367687640711665, 0.6004388095461763 0.3369235955178738, 0.6003937830682844 0.3369304491207004, 0.6003696561092511 0.3369668908417225, 0.6003599999821745 0.3370625087991357, 0.6002956613665447 0.3371786512434483, 0.6002667195862159 0.3372082393616438))']"
463591_2021_tava.laz,"['POLYGON ((0.6002667195862159 0.3372082393616438, 0.6004516666871496 0.3373425835743546, 0.6006366402143613 0.3370169661939144, 0.600689709011931 0.3368712356314063, 0.600721878290642 0.3367437077686191, 0.600734761916101 0.3366230335086584, 0.6006494973553345 0.3366185016930103, 0.6006076984340325 0.3366936324164271, 0.6005835714167915 0.3367687640711665, 0.6004388095461763 0.3369235955178738, 0.6003937830682844 0.3369304491207004, 0.6003696561092511 0.3369668908417225, 0.6003599999821745 0.3370625087991357, 0.6002956613665447 0.3371786512434483, 0.6002667195862159 0.3372082393616438))']"
463636_2023_tava.laz,"['POLYGON ((0.720476507965941 0.3334443438798189, 0.7205250793485902 0.3333967411890626, 0.7205717724864371 0.3333226963877678, 0.7205857671797276 0.3332751309499145, 0.720561507914681 0.3332380894571543, 0.7204503703978844 0.333190486766398, 0.7203719312092289 0.3331749057397246, 0.7203221957897767 0.3331858795136213, 0.7202934391680174 0.333225954324007, 0.7203436507843435 0.333388838917017, 0.7203775132074952 0.3334734449163079, 0.7203980687772855 0.3334813853725791, 0.720476507965941 0.3334443438798189))']"
464590_2021_tava.laz,"['POLYGON ((0.6002667195862159 0.3372082393616438, 0.6004516666871496 0.3373425835743546, 0.6006366402143613 0.3370169661939144, 0.600689709011931 0.3368712356314063, 0.600721878290642 0.3367437077686191, 0.600734761916101 0.3366230335086584, 0.6006494973553345 0.3366185016930103, 0.6006076984340325 0.3366936324164271, 0.6005835714167915 0.3367687640711665, 0.6004388095461763 0.3369235955178738, 0.6003937830682844 0.3369304491207004, 0.6003696561092511 0.3369668908417225, 0.6003599999821745 0.3370625087991357, 0.6002956613665447 0.3371786512434483, 0.6002667195862159 0.3372082393616438))']"
464591_2021_tava.laz,"['POLYGON ((0.6002667195862159 0.3372082393616438, 0.6004516666871496 0.3373425835743546, 0.6006366402143613 0.3370169661939144, 0.600689709011931 0.3368712356314063, 0.600721878290642 0.3367437077686191, 0.600734761916101 0.3366230335086584, 0.6006494973553345 0.3366185016930103, 0.6006076984340325 0.3366936324164271, 0.6005835714167915 0.3367687640711665, 0.6004388095461763 0.3369235955178738, 0.6003937830682844 0.3369304491207004, 0.6003696561092511 0.3369668908417225, 0.6003599999821745 0.3370625087991357, 0.6002956613665447 0.3371786512434483, 0.6002667195862159 0.3372082393616438))']"
468412_2021_tava.laz,"['POLYGON ((0.12951687828172 0.3544935574755073, 0.1295650793472305 0.3545809732750058, 0.1296268518199213 0.3546040449291468, 0.1298861110699363 0.3545771529898047, 0.1299431216903031 0.3544993251562118, 0.1299655290786177 0.354395542293787, 0.1299295502249152 0.3542763665318489, 0.1299037566059269 0.3542168159037828, 0.1298182539176196 0.354142808355391, 0.1297306878259406 0.3541264794766903, 0.1296506084618159 0.354165880009532, 0.1295440475805663 0.3542715730145574, 0.12951687828172 0.3544935574755073))']"
468413_2021_tava.laz,"['POLYGON ((0.12951687828172 0.3544935574755073, 0.1295650793472305 0.3545809732750058, 0.1296268518199213 0.3546040449291468, 0.1298861110699363 0.3545771529898047, 0.1299431216903031 0.3544993251562118, 0.1299655290786177 0.354395542293787, 0.1299295502249152 0.3542763665318489, 0.1299037566059269 0.3542168159037828, 0.1298182539176196 0.354142808355391, 0.1297306878259406 0.3541264794766903, 0.1296506084618159 0.354165880009532, 0.1295440475805663 0.3542715730145574, 0.12951687828172 0.3544935574755073))']"
468673_2023_tava.laz,"['POLYGON ((0.8198369841556996 0.3556615728884935, 0.8199255555518903 0.3555847937241197, 0.819984232832212 0.355407677590847, 0.8199432539986446 0.3553763292729855, 0.819861322757788 0.3553622094914317, 0.8197473015752621 0.3552055051550269, 0.8195989682571962 0.3551631830632687, 0.819487142842263 0.3552525090053678, 0.8195209788391367 0.3554351311177015, 0.8196726984460838 0.3555024713277817, 0.8198369841556996 0.3556615728884935))']"
470422_2021_tava.laz,"['POLYGON ((0.1539717988925986 0.3635928463190794, 0.1539970899466425 0.3635679772123694, 0.1540310317068361 0.3633945314213634, 0.1540324338129722 0.363290973007679, 0.1537916401866823 0.3630776405334473, 0.1536094708717428 0.3634109729900956, 0.1536492592422292 0.3634952055290341, 0.1537410052842461 0.3636437449604273, 0.1538486243225634 0.3637068159878254, 0.1539717988925986 0.3635928463190794))']"
471422_2021_tava.laz,"['POLYGON ((0.1539717988925986 0.3635928463190794, 0.1539970899466425 0.3635679772123694, 0.1540310317068361 0.3633945314213634, 0.1540324338129722 0.363290973007679, 0.1537916401866823 0.3630776405334473, 0.1536094708717428 0.3634109729900956, 0.1536492592422292 0.3634952055290341, 0.1537410052842461 0.3636437449604273, 0.1538486243225634 0.3637068159878254, 0.1539717988925986 0.3635928463190794))']"
473389_2021_tava.laz,"['POLYGON ((0.067461957631167 0.3722547562792897, 0.0675745767075568 0.3721062913537026, 0.0675667989416979 0.3718589134514332, 0.0672211904311553 0.3716307487338781, 0.0671279893722385 0.3719771159812808, 0.067461957631167 0.3722547562792897))']"
473429_2021_tava.laz,"['POLYGON ((0.1734152645221911 0.3743436327204108, 0.1734776984085329 0.3743017595261335, 0.1735289153293706 0.3742137448862195, 0.1735320370062254 0.3741089506074786, 0.1734705290873535 0.3739938195794821, 0.1734144708607346 0.3739437079057097, 0.1733567460323684 0.3739213105291128, 0.173229708976578 0.373930336907506, 0.1731670634471811 0.3740011230111122, 0.1731547089875676 0.3740429580211639, 0.173156772449147 0.3741450933739543, 0.1731794444494881 0.3742161421105266, 0.1732117460342124 0.374273519963026, 0.1732509259018116 0.3743241196498275, 0.1733368253917433 0.3743513850495219, 0.1734152645221911 0.3743436327204108))']"
474397_2021_tava.laz,"['POLYGON ((0.0895505555090494 0.3771129585802555, 0.0896461904630996 0.3770017977803946, 0.0896861375658773 0.3769169664010406, 0.089711825363338 0.3767896629869938, 0.0897189682000317 0.3766643814742565, 0.0897047089529224 0.3764986889436841, 0.0896690211375244 0.3763754675164819, 0.089591957628727 0.3762845313176513, 0.0894920370192267 0.3762804865837097, 0.0894135449198075 0.3763310108333826, 0.0893578835530207 0.3764138575643301, 0.0892751057981513 0.3765774900093675, 0.0892151851439848 0.3767250180244446, 0.0891766402055509 0.3768563289195299, 0.0891737830243073 0.3769735200330615, 0.0891852116328664 0.3770119100809097, 0.0892208729637787 0.3770705237984657, 0.0892936772434041 0.377143258228898, 0.0893750264076516 0.3772079022601247, 0.089437804184854 0.3771856930106878, 0.0895505555090494 0.3771129585802555))']"
477392_2021_tava.laz,"['POLYGON ((0.0742437036824413 0.3868379397317767, 0.0743562962743454 0.3867085762321949, 0.0742469840915874 0.386574606411159, 0.0741164285573177 0.3867085762321949, 0.0742437036824413 0.3868379397317767))']"
478598_2021_tava.laz,"['POLYGON ((0.6198681216919795 0.3909484269097447, 0.6200301852077246 0.3910887632519007, 0.6201324603171088 0.3911288762465119, 0.6202142857364379 0.3910107864066958, 0.620326005271636 0.3907791003584862, 0.6203307407558896 0.3906744187697768, 0.6202394709107466 0.3906409731134772, 0.6200411904719658 0.3906343067064881, 0.6198681216919795 0.3909484269097447))']"
479443_2021_tava.laz,"['POLYGON ((0.2105749470647424 0.3943665167316794, 0.2105857936549 0.3941983887925744, 0.2105805819737725 0.3941080896183848, 0.2105462962645106 0.394088689237833, 0.21040235448163 0.3940854677930474, 0.2102982539217919 0.3941208235919476, 0.2102486243238673 0.3942565163597465, 0.210308518493548 0.3944552429020405, 0.2104625661158934 0.3944794749841094, 0.2105749470647424 0.3943665167316794))']"
485403_2021_tava.laz,"['POLYGON ((0.1040358200552873 0.4191671535372734, 0.1040676719276234 0.4190727714449167, 0.1040497618960217 0.4189868159592152, 0.1040049735456705 0.4189699245616794, 0.1039383068564348 0.4189656926319003, 0.1039074602886103 0.41900793928653, 0.103887566132471 0.4190558427944779, 0.1038935185060836 0.4191234828904271, 0.1039104497176595 0.4191699624061584, 0.1039432804100215 0.4191896626725793, 0.1039940211339854 0.419200936332345, 0.1040358200552873 0.4191671535372734))']"
485416_2021_tava.laz,"['POLYGON ((0.1402887301519513 0.4197857296094298, 0.140334788360633 0.419707490131259, 0.1400227248668671 0.4189477898180485, 0.139881084614899 0.4188369289040566, 0.139681851840578 0.4194727335125208, 0.1399985449388623 0.4197889883071184, 0.1402887301519513 0.4197857296094298))']"
485417_2021_tava.laz,"['POLYGON ((0.1402887301519513 0.4197857296094298, 0.140334788360633 0.419707490131259, 0.1400227248668671 0.4189477898180485, 0.139881084614899 0.4188369289040566, 0.139681851840578 0.4194727335125208, 0.1399985449388623 0.4197889883071184, 0.1402887301519513 0.4197857296094298))']"
485442_2021_tava.laz,"['POLYGON ((0.2076376719633117 0.4193679401651025, 0.207670290954411 0.4193583894520998, 0.2076718253665604 0.4193343063816428, 0.2076810582075268 0.4191894000396132, 0.2076669576345012 0.4191006366163492, 0.207562328025233 0.4188995501026511, 0.2073729364783503 0.4189219102263451, 0.2072830423130654 0.4190620221197605, 0.2073132803780027 0.419230149127543, 0.2074455026304349 0.4193996246904135, 0.2075380158494227 0.4194226963445544, 0.2076376719633117 0.4193679401651025))']"
486416_2021_tava.laz,"['POLYGON ((0.1402887301519513 0.4197857296094298, 0.140334788360633 0.419707490131259, 0.1400227248668671 0.4189477898180485, 0.139881084614899 0.4188369289040566, 0.139681851840578 0.4194727335125208, 0.1399985449388623 0.4197889883071184, 0.1402887301519513 0.4197857296094298))']"
486417_2021_tava.laz,"['POLYGON ((0.1402887301519513 0.4197857296094298, 0.140334788360633 0.419707490131259, 0.1400227248668671 0.4189477898180485, 0.139881084614899 0.4188369289040566, 0.139681851840578 0.4194727335125208, 0.1399985449388623 0.4197889883071184, 0.1402887301519513 0.4197857296094298))']"
487657_2023_tava.laz,"['POLYGON ((0.7750891799223609 0.4237010478973389, 0.7753675925778225 0.424127901904285, 0.7756277513108216 0.4237251682206988, 0.7753761110943742 0.4233723217621446, 0.7750891799223609 0.4237010478973389))']"
489404_2021_tava.laz,"['POLYGON ((0.1067001322517172 0.4334841566160321, 0.1067764814360999 0.4334632204845548, 0.106797804182861 0.4333970034494996, 0.106784179864917 0.4332847185432911, 0.1067415607976727 0.433247865177691, 0.106655158684589 0.4332704870030284, 0.1066160846385174 0.4333542697131634, 0.1066308729932644 0.433443108573556, 0.1067001322517172 0.4334841566160321))']"
490588_2021_tava.laz,"['POLYGON ((0.5930667195934802 0.4382475279271603, 0.5931666931137443 0.438233969733119, 0.593241163995117 0.4381571533158422, 0.5932901058113202 0.4380140816792846, 0.5932752116350457 0.4379086885601282, 0.593216693145223 0.4378529582172632, 0.5931337301735766 0.4378589885309339, 0.5930124603328295 0.4379598870873451, 0.5930082010454498 0.4381932951509952, 0.5930667195934802 0.4382475279271603))']"
491658_2023_tava.laz,"['POLYGON ((0.7795380688039586 0.4413181645795703, 0.7796184127219021 0.4412740068510175, 0.7796785714454018 0.4411858422681689, 0.7796880952664651 0.4411447187885642, 0.7796875661588274 0.4411043813452125, 0.7796548412879929 0.4410229213535786, 0.7796379365026951 0.4410057300701737, 0.7796120634884574 0.4410154679790139, 0.7795228571631014 0.4410677524283528, 0.7794707671855576 0.4411650188267231, 0.7795380688039586 0.4413181645795703))']"
493520_2021_tava.laz,"['POLYGON ((0.4136978306923993 0.4516975274309516, 0.4144596825353801 0.4513614224269986, 0.4148351058247499 0.4504079027101398, 0.4142996031441726 0.449102621525526, 0.413234074076172 0.4492042316123843, 0.4129525132011622 0.450540748424828, 0.4136978306923993 0.4516975274309516))']"
494505_2021_tava.laz,"['POLYGON ((0.3740869576577097 0.4508647192269564, 0.3741082539781928 0.4508970780298114, 0.3741672221804038 0.4509104490280151, 0.3742521692765877 0.4508760292083025, 0.3743101322324946 0.4507500370964408, 0.3743022222188301 0.4506347188726068, 0.3742943915422074 0.4505410855636001, 0.3742742327740416 0.4504816476255655, 0.3741802116273902 0.4505165163427591, 0.374122804205399 0.450567414984107, 0.3740869576577097 0.4508647192269564))']"
494520_2021_tava.laz,"['POLYGON ((0.4136978306923993 0.4516975274309516, 0.4144596825353801 0.4513614224269986, 0.4148351058247499 0.4504079027101398, 0.4142996031441726 0.449102621525526, 0.413234074076172 0.4492042316123843, 0.4129525132011622 0.450540748424828, 0.4136978306923993 0.4516975274309516))']"
495483_2021_tava.laz,"['POLYGON ((0.3170143650495447 0.4536725468933582, 0.3170697618625127 0.4535874901339412, 0.3170873809140176 0.45337999984622, 0.3170573544921354 0.453267827630043, 0.3170091798529029 0.4532289514318109, 0.3168781481217593 0.4532795501872897, 0.3167978835990652 0.4533367408439517, 0.3167906348826364 0.4534716475754976, 0.3168025396880694 0.4535743063315749, 0.316834126948379 0.4536292878910899, 0.3168734920327552 0.4536791378632188, 0.3169620634871535 0.453692321665585, 0.3170143650495447 0.4536725468933582))']"
498454_2021_tava.laz,"['POLYGON ((0.2325667195837013 0.4494053926318884, 0.2326432539266534 0.4493956547230482, 0.2327570634661242 0.4493359168991446, 0.2327786507667042 0.4492873027920723, 0.2327933597844094 0.4492192510515451, 0.232773756608367 0.4490622840821743, 0.2327158465632238 0.4489441942423582, 0.232687407406047 0.4489136328920722, 0.2326452116249129 0.4489067038521171, 0.2324784126831219 0.4489900367334485, 0.2324685978819616 0.4490233706310391, 0.2324519047397189 0.4490831084549427, 0.2324656348791905 0.4492317596450448, 0.2324950793408789 0.44932621717453, 0.2325667195837013 0.4494053926318884))', 'POLYGON ((0.2382785713998601 0.4653592882677913, 0.2383155026473105 0.4653305988758802, 0.2383369312155992 0.465264830738306, 0.2383250264101662 0.4651653552427888, 0.2382702381000854 0.4651198126375675, 0.2381856613792479 0.465121497400105, 0.2381248941528611 0.4652277529239654, 0.2381523015792482 0.465347490273416, 0.2382237830315717 0.4653862547129393, 0.2382785713998601 0.4653592882677913))']"
499507_2021_tava.laz,"['POLYGON ((0.378725529066287 0.4710869658738375, 0.3787967460229993 0.4712417973205447, 0.3789557142881677 0.4711139695718884, 0.378897222224623 0.4709663288667798, 0.3788438095361926 0.4709249436855316, 0.3787382539594546 0.4709861418232322, 0.378725529066287 0.4710869658738375))']"
500680_2023_tava.laz,"['POLYGON ((0.4550144179956988 0.441867827437818, 0.4549736243207008 0.4418724337592721, 0.4549116137204692 0.4419024717062712, 0.4549116137204692 0.4419648312032223, 0.4549320105579682 0.4419960295781493, 0.4549540211446583 0.442031835205853, 0.455034788348712 0.4420283893123269, 0.4550715079531074 0.4419637070968747, 0.4550625396659598 0.44191865157336, 0.4550144179956988 0.441867827437818))']"
500681_2023_tava.laz,"['POLYGON ((0.8411979894153774 0.4742768909782171, 0.8411989682354033 0.4741679402068257, 0.8411561110988259 0.4740396998822689, 0.8411122751422226 0.4739900371059775, 0.8408979629748501 0.4740962171927094, 0.8408862962969579 0.4741403367370367, 0.8408794709248468 0.4742492884397507, 0.8408901852089912 0.4743734076619148, 0.8409086772589944 0.4744106363505125, 0.8409534920938313 0.4744533700868487, 0.8410557672032155 0.474438201636076, 0.8411979894153774 0.4742768909782171))']"
501477_2021_tava.laz,"['POLYGON ((0.3004728042287752 0.4786829957738519, 0.3005552380927838 0.478689887560904, 0.3006295502418652 0.4786433707922697, 0.3006640211679041 0.4785318346694112, 0.3006166401901282 0.4783711228519678, 0.3005924074095674 0.4783314606174827, 0.3005600793403573 0.4783299248665571, 0.3004965079016984 0.4783405987545848, 0.3004598941770382 0.4783627334982157, 0.3004114020732231 0.4784153550863266, 0.300406031718012 0.4785076025873423, 0.3004334920551628 0.4786258051171899, 0.3004728042287752 0.4786829957738519))']"
502509_2021_tava.laz,"['POLYGON ((0.3845567195676267 0.4810743443667889, 0.384648148145061 0.4812322091311216, 0.3847424074192531 0.4812106359750032, 0.3847679364844225 0.4810729213058948, 0.3847463227575645 0.4808907108381391, 0.3847365078981966 0.4807947566732764, 0.3846932803862728 0.4807293629273772, 0.3846225396846421 0.4807404866442084, 0.3845783332944848 0.4808211605995894, 0.3845478571020067 0.4809199245646596, 0.3845567195676267 0.4810743443667889))']"
503569_2024_tava.laz,"['POLYGON ((0.5448306878097355 0.4866741569712758, 0.5448994708713144 0.4866329580545425, 0.5449206348857842 0.4865018725395203, 0.5447804232826456 0.4863220974802971, 0.5446455026394688 0.4862659173086286, 0.5445370370289311 0.4864382017403841, 0.5448306878097355 0.4866741569712758))']"
503652_2023_tava.laz,"['POLYGON ((0.7624005820252933 0.4834671905264258, 0.7624500264646485 0.4834160674363375, 0.762580634909682 0.4833798501640558, 0.7626061904593371 0.4832335198298097, 0.7625217195600271 0.4832138577476144, 0.7624022486852482 0.4831799995154142, 0.7622571957763284 0.48313516844064, 0.7621338095050305 0.4831335954368114, 0.7621043651015498 0.4831902617588639, 0.762078783067409 0.4833523221313953, 0.7620887830853462 0.4834019094705582, 0.762167698412668 0.4834451684728265, 0.7622766402200796 0.4834868535399437, 0.7624005820252933 0.4834671905264258))']"
506490_2024_tava.laz,"['POLYGON ((0.3349482804187574 0.4938606740906835, 0.3349266402074136 0.4938753554597497, 0.3348783597466536 0.4939220594242215, 0.3348719576606527 0.49394850153476, 0.3348602116457187 0.4940317971631885, 0.3348164021153934 0.4942319095134735, 0.3348012433853 0.494260411709547, 0.3347256084671244 0.4942947560921311, 0.3347030422883108 0.4945437451824546, 0.3349514285800978 0.4950733333826065, 0.3350828571128659 0.495132171548903, 0.3355366137693636 0.4948928086087108, 0.3356106877909042 0.4946175273507834, 0.3357008729944937 0.4945205235853791, 0.3356407406972721 0.4944378277286887, 0.3355861904565245 0.4943862166255712, 0.3355199999641627 0.4942017970606685, 0.3352887830697 0.494146890938282, 0.3351261904463172 0.4940679771825671, 0.3350939153460786 0.4940453181043267, 0.3350488624419086 0.4940101122483611, 0.3350012698210776 0.4939445313066244, 0.3349482804187574 0.4938606740906835))']"
506492_2024_tava.laz,"['POLYGON ((0.3405404497170821 0.496680524200201, 0.3405957142822444 0.4965025093406439, 0.3406095238169655 0.4962892876937985, 0.3405639418051578 0.4961875649169087, 0.3403703703661449 0.4962696628645062, 0.3403888889006339 0.4965168535709381, 0.3405404497170821 0.496680524200201))']"
509642_2022_tava.laz,"['POLYGON ((0.7355147883645259 0.5070582022890449, 0.7356338888639584 0.507064119912684, 0.735719550284557 0.5069280145689845, 0.7356652381131425 0.5068037826567888, 0.735604629619047 0.5067239319905639, 0.7355106084723957 0.5068037826567888, 0.7355147883645259 0.5070582022890449))']"
510600_2022_tava.laz,"['POLYGON ((0.7843802645802498 0.5120995128527284, 0.7843593650613911 0.5120388763025403, 0.7843332539778203 0.5120447939261794, 0.7842329365084879 0.5120181646198034, 0.7841065079555847 0.5120196249336004, 0.7840887565980665 0.5121187260374427, 0.7841305555775762 0.5122518725693226, 0.7841880158521235 0.5123095503076911, 0.7842454761848785 0.5122429961338639, 0.7843802645802498 0.5120995128527284))']"
510660_2022_tava.laz,"['POLYGON ((0.7834597619366832 0.5133671909570694, 0.7835109523730353 0.5133346440270543, 0.7835339417797513 0.5132429208606482, 0.7835851587587968 0.5130994375795126, 0.7836467989254743 0.5130402622744441, 0.7837261905078776 0.5129026966169477, 0.7836948412586935 0.5128110107034445, 0.7835966402199119 0.5127030331641436, 0.7834618518827483 0.512646815739572, 0.7834242327953689 0.5126616097986698, 0.7833730423590168 0.5128198871389031, 0.7833699206239544 0.5130240069702268, 0.7833625925704837 0.5131704490631819, 0.7833918518736027 0.5133124338462949, 0.7834597619366832 0.5133671909570694))']"
511617_2022_tava.laz,"['POLYGON ((0.6714235449908301 0.5146913854405284, 0.6715203968342394 0.5146567784249783, 0.6715683597722091 0.5144786890596151, 0.6715131481760181 0.5140583515167236, 0.6713647089782171 0.5141211608424783, 0.6713239682721905 0.5143928090110421, 0.6714235449908301 0.5146913854405284))']"
511660_2022_tava.laz,"['POLYGON ((0.7834597619366832 0.5133671909570694, 0.7835109523730353 0.5133346440270543, 0.7835339417797513 0.5132429208606482, 0.7835851587587968 0.5130994375795126, 0.7836467989254743 0.5130402622744441, 0.7837261905078776 0.5129026966169477, 0.7836948412586935 0.5128110107034445, 0.7835966402199119 0.5127030331641436, 0.7834618518827483 0.512646815739572, 0.7834242327953689 0.5126616097986698, 0.7833730423590168 0.5128198871389031, 0.7833699206239544 0.5130240069702268, 0.7833625925704837 0.5131704490631819, 0.7833918518736027 0.5133124338462949, 0.7834597619366832 0.5133671909570694))']"
513634_2022_tava.laz,"['POLYGON ((0.7148592592566274 0.5226841941475868, 0.7149628307088278 0.5229983888566494, 0.7149732010439038 0.5231261793524027, 0.7152247354388237 0.523086404427886, 0.7152380687766708 0.5227847183123231, 0.7151226454880089 0.5223406367003918, 0.7149258465506136 0.5224328087642789, 0.7148992063594051 0.5225941194221377, 0.7148592592566274 0.5226841941475868))']"
516644_2022_tava.laz,"['POLYGON ((0.7413079894031398 0.534661010839045, 0.7414006349281408 0.5346285765990615, 0.7413842592504807 0.5344834830611944, 0.7413716137525626 0.5344596626237035, 0.7413009788142517 0.5344523591920733, 0.741256058216095 0.5345583520829678, 0.7413079894031398 0.534661010839045))']"
520661_2022_tava.laz,"['POLYGON ((0.7865236508077942 0.5495291007682681, 0.786599232815206 0.5495271161198616, 0.786681137571577 0.5495390258729458, 0.7867455290979706 0.549524157308042, 0.7867777248611674 0.5493358802050352, 0.7865341534488834 0.5492298500612378, 0.7864865608280525 0.5493864044547081, 0.7865236508077942 0.5495291007682681))']"
524633_2022_tava.laz,"['POLYGON ((0.7117933862609789 0.5644628833979368, 0.7118940211948939 0.564614531584084, 0.7120054232655093 0.56452801451087, 0.7120219576754607 0.5643387259915471, 0.7119450528989546 0.5642461040988564, 0.7118573545012623 0.5643204115331173, 0.7117933862609789 0.5644628833979368))']"
525478_2024_tava.laz,"['POLYGON ((0.3038092063507065 0.5695106741040945, 0.3038647883222438 0.5694882022216916, 0.3038947089808062 0.5694449814036489, 0.303897142817732 0.5693637076765299, 0.3038824867689982 0.5693023214116693, 0.3038403438986279 0.5692547932267189, 0.303762195748277 0.569232321344316, 0.3037200528779067 0.5692651681602001, 0.303708465595264 0.5693628462031484, 0.303768306854181 0.5695193251594901, 0.3038092063507065 0.5695106741040945))']"
525486_2024_tava.laz,"['POLYGON ((0.3238927777856588 0.5674392133951187, 0.323927513207309 0.5674432953819633, 0.3239497089525685 0.5674255425110459, 0.3239564814721234 0.5673695504665375, 0.323950687830802 0.5673258053138852, 0.3239400793681852 0.567283483222127, 0.3239217459922656 0.5672425087541342, 0.3238966402132064 0.5672192880883813, 0.32386769837467 0.5672343065962195, 0.3238464814494364 0.5672616101801395, 0.3238329629530199 0.5673094382509589, 0.323823306884151 0.5673490632325411, 0.3238368253805675 0.5673900367692113, 0.3238619047333486 0.5674241948872805, 0.3238927777856588 0.5674392133951187))']"
526478_2024_tava.laz,"['POLYGON ((0.3038092063507065 0.5695106741040945, 0.3038647883222438 0.5694882022216916, 0.3038947089808062 0.5694449814036489, 0.303897142817732 0.5693637076765299, 0.3038824867689982 0.5693023214116693, 0.3038403438986279 0.5692547932267189, 0.303762195748277 0.569232321344316, 0.3037200528779067 0.5692651681602001, 0.303708465595264 0.5693628462031484, 0.303768306854181 0.5695193251594901, 0.3038092063507065 0.5695106741040945))']"
527504_2024_tava.laz,"['POLYGON ((0.3710294973570854 0.5736422846093774, 0.3711037036846392 0.5735822468996048, 0.3711999470833689 0.5734540820121765, 0.3711991269956343 0.5732751311734319, 0.3711314550018869 0.5731804491952062, 0.3710221693036146 0.5730938576161861, 0.3709055290673859 0.573091534897685, 0.370832962973509 0.5732612730935216, 0.3707995237782598 0.5734055805951357, 0.3708639417891391 0.5735095124691725, 0.3709381481166929 0.5735788010060787, 0.3710294973570854 0.5736422846093774))']"
528613_2022_tava.laz,"['POLYGON ((0.6608412698260508 0.5778089882805943, 0.6609206349239685 0.5778239695355296, 0.6609814814873971 0.577760299667716, 0.6609708994510584 0.5775430705398321, 0.6609338624402881 0.5774756548926234, 0.6608439153642394 0.5775018725544214, 0.6608412698260508 0.5778089882805943))']"
529522_2024_tava.laz,"['POLYGON ((0.4189567989087664 0.581392508931458, 0.419000502617564 0.5814289133995771, 0.419059629610274 0.5814343821257353, 0.4191148941754364 0.5814070785418153, 0.4191521693137474 0.5813415730372071, 0.4191611640271731 0.581277902238071, 0.419158597884234 0.5812160298228264, 0.4191521693137474 0.5811723591759801, 0.4191354497452266 0.5811232207342982, 0.4190776190371253 0.5810850188136101, 0.4190030687605031 0.5811050180345774, 0.4189555291086435 0.5811577895656228, 0.4189310846268199 0.5811978271231055, 0.4189233862562105 0.5812906362116337, 0.4189310846268199 0.5813397374004126, 0.4189567989087664 0.581392508931458))']"
529647_2022_tava.laz,"['POLYGON ((0.7513809523661621 0.5843213479965925, 0.7513359788572416 0.5842621717602015, 0.7512323544942774 0.5842441199347377, 0.7511931217159145 0.584292134270072, 0.7512010582140647 0.5843483144417405, 0.7512116401921958 0.5843632956966758, 0.7512644180096686 0.5844029206782579, 0.7513677248498425 0.5843970030546188, 0.7513809523661621 0.5843213479965925))']"
529648_2022_tava.laz,"['POLYGON ((0.7513809523661621 0.5843213479965925, 0.7513359788572416 0.5842621717602015, 0.7512323544942774 0.5842441199347377, 0.7511931217159145 0.584292134270072, 0.7512010582140647 0.5843483144417405, 0.7512116401921958 0.5843632956966758, 0.7512644180096686 0.5844029206782579, 0.7513677248498425 0.5843970030546188, 0.7513809523661621 0.5843213479965925))']"
530540_2024_tava.laz,"['POLYGON ((0.4681666666292585 0.5876292129978538, 0.4682275131926872 0.5874531827867031, 0.4680238094879314 0.5873220972716808, 0.4679920634953305 0.5873408233746886, 0.4679126983974129 0.5874943817034364, 0.4681666666292585 0.5876292129978538))']"
530647_2022_tava.laz,"['POLYGON ((0.7513809523661621 0.5843213479965925, 0.7513359788572416 0.5842621717602015, 0.7512323544942774 0.5842441199347377, 0.7511931217159145 0.584292134270072, 0.7512010582140647 0.5843483144417405, 0.7512116401921958 0.5843632956966758, 0.7512644180096686 0.5844029206782579, 0.7513677248498425 0.5843970030546188, 0.7513809523661621 0.5843213479965925))']"
530648_2022_tava.laz,"['POLYGON ((0.7513809523661621 0.5843213479965925, 0.7513359788572416 0.5842621717602015, 0.7512323544942774 0.5842441199347377, 0.7511931217159145 0.584292134270072, 0.7512010582140647 0.5843483144417405, 0.7512116401921958 0.5843632956966758, 0.7512644180096686 0.5844029206782579, 0.7513677248498425 0.5843970030546188, 0.7513809523661621 0.5843213479965925))']"
532487_2024_tava.laz,"['POLYGON ((0.3275504496996291 0.592825167812407, 0.3277103438740596 0.5926783513277769, 0.3275979894096963 0.5923617221415043, 0.3274585978942923 0.5923571158200502, 0.3273699999554083 0.5925055053085089, 0.3275504496996291 0.592825167812407))']"
532523_2024_tava.laz,"['POLYGON ((0.4216428571380675 0.593217228539288, 0.4215291005093604 0.5931385764852166, 0.4214391534333117 0.5931872660294175, 0.4214100529206917 0.5932846441864967, 0.4214523809496313 0.5933745317161083, 0.4215634920401499 0.5934344567358494, 0.4216216931235976 0.5934044942259789, 0.4216640211525373 0.5933370785787702, 0.4216428571380675 0.593217228539288))']"
534572_2024_tava.laz,"['POLYGON ((0.5524056878057308 0.6030287258327007, 0.5524380952119827 0.6030088011175394, 0.5524620370124467 0.602954943664372, 0.5524620370124467 0.6029210481792688, 0.5524155555758625 0.6028492506593466, 0.5523972486844286 0.6027375655248761, 0.5523747089901008 0.602587977424264, 0.5523986507905647 0.6024384265765548, 0.5523957671830431 0.6023494377732277, 0.5523506349418312 0.6023467034101486, 0.5522958994843066 0.6023779772222042, 0.5522098941728473 0.6026657670736313, 0.5522028571576811 0.6027814224362373, 0.5521943915518932 0.6029150560498238, 0.5522296031704172 0.6029389882460237, 0.5523690740810707 0.6030247565358877, 0.5524056878057308 0.6030287258327007))']"
535554_2024_tava.laz,"['POLYGON ((0.5041227777837776 0.6028864411637187, 0.504021349188406 0.6030955426394939, 0.504237407410983 0.6033889511600137, 0.5043983333162032 0.6031673401594162, 0.5041227777837776 0.6028864411637187))']"
536494_2024_tava.laz,"['POLYGON ((0.3451738359872252 0.6085922094061971, 0.3452610581880435 0.6085944194346666, 0.3455211904365569 0.6083033327013254, 0.3454962698160671 0.6079725464805961, 0.3454464285750873 0.6079306742176414, 0.3453732010675594 0.6079681646078825, 0.3452018782845698 0.6080717975273728, 0.3451255555264652 0.6084731454029679, 0.3451738359872252 0.6085922094061971))']"
539629_2022_tava.laz,"['POLYGON ((0.7037248677224852 0.6216966286301613, 0.70377251325408 0.6214306736364961, 0.70376740739448 0.6213318724185228, 0.7036296296282671 0.6212921347469091, 0.7033862433745526 0.6212921347469091, 0.703293650818523 0.6214756546542048, 0.7035026454832405 0.621647940017283, 0.703632275108248 0.6215805243700743, 0.7037248677224852 0.6216966286301613))']"
539630_2022_tava.laz,"['POLYGON ((0.7037248677224852 0.6216966286301613, 0.70377251325408 0.6214306736364961, 0.70376740739448 0.6213318724185228, 0.7036296296282671 0.6212921347469091, 0.7033862433745526 0.6212921347469091, 0.703293650818523 0.6214756546542048, 0.7035026454832405 0.621647940017283, 0.703632275108248 0.6215805243700743, 0.7037248677224852 0.6216966286301613))']"
541530_2024_tava.laz,"['POLYGON ((0.4397388359648176 0.6276328833773732, 0.4400634656194598 0.6272938949987292, 0.439902751299087 0.626750111579895, 0.43937883595936 0.6268707113340497, 0.4395186507608742 0.6274304119870067, 0.4397388359648176 0.6276328833773732))']"
541634_2022_tava.laz,"['POLYGON ((0.7152037037303671 0.6289138570427895, 0.7155449735582806 0.629194756038487, 0.7157301587285474 0.6286179767921567, 0.715399470878765 0.6284157298505306, 0.7152751322719269 0.6286441944539547, 0.7152037037303671 0.6289138570427895))']"
542490_2024_tava.laz,"['POLYGON ((0.3359010317362845 0.6320492876693606, 0.3359407407115214 0.6319329962134361, 0.3359669311903417 0.6318614603951573, 0.3359921957598999 0.6318001123145223, 0.3359723280300386 0.631704268977046, 0.3359281216980889 0.6316659543663263, 0.335838756582234 0.6317464420571923, 0.3358396560652182 0.6319214981049299, 0.33583785709925 0.6320199249312282, 0.3359010317362845 0.6320492876693606))']"
544529_2024_tava.laz,"['POLYGON ((0.4370775131974369 0.6395678650587797, 0.4370213492074981 0.6396310487762094, 0.437212857126724 0.6398144941776991, 0.437274761905428 0.639781909994781, 0.437529576709494 0.6395813105627894, 0.4376232539652847 0.6390824345871806, 0.4372378835687414 0.6385775655508041, 0.4369558465550654 0.6389802619814873, 0.4370775131974369 0.6395678650587797))']"
551630_2022_tava.laz,"['POLYGON ((0.7045487036812119 0.6634016474708915, 0.7046519312425517 0.6631127707660198, 0.7045374867739156 0.66300711594522, 0.7044377513229847 0.6631297376006842, 0.7043918783310801 0.6632131831720471, 0.7043929100618698 0.6633059550076723, 0.7044064285582863 0.6633760295808315, 0.7045487036812119 0.6634016474708915))']"
555544_2024_tava.laz,"['POLYGON ((0.4781725131906569 0.6818097373470664, 0.4782397089875303 0.6817791005596519, 0.4782173015992157 0.681560336612165, 0.4781090740580112 0.6816110862419009, 0.4781725131906569 0.6818097373470664))']"
556544_2024_tava.laz,"['POLYGON ((0.4781725131906569 0.6818097373470664, 0.4782397089875303 0.6817791005596519, 0.4782173015992157 0.681560336612165, 0.4781090740580112 0.6816110862419009, 0.4781725131906569 0.6818097373470664))', 'POLYGON ((0.4778931745677255 0.6828104117885232, 0.4781061375397258 0.6828853925690055, 0.4781381481443532 0.6828890256583691, 0.4781990740448236 0.6828808607533574, 0.4782770370366052 0.6827962165698409, 0.4783347354386933 0.6826983140781522, 0.4783536243485287 0.6826676027849317, 0.4783661111141555 0.6826458424329758, 0.4783786507905461 0.6826184270903468, 0.4783870105748065 0.6825904119759798, 0.4783925661467947 0.6825674157589674, 0.4783999735373072 0.682543033733964, 0.4784010317525826 0.6825361791998148, 0.4784039682708681 0.6824952056631446, 0.4784045502310619 0.6824721721932292, 0.4784017460187897 0.6824491377919912, 0.4783952381112613 0.6824324345216155, 0.4783880952163599 0.6824202621355653, 0.478333888866473 0.6823931457474828, 0.478303148120176 0.6823964789509773, 0.4782660317141563 0.6823803745210171, 0.4782369047752582 0.6823659176006913, 0.4781847089761868 0.6823117975145578, 0.4780765873147175 0.6822009356692433, 0.4780545502435416 0.6821747189387679, 0.4780337566044182 0.6821599993854761, 0.4780211111065 0.6821620967239141, 0.4780076190363616 0.6821718718856573, 0.4779908729833551 0.6822060672566295, 0.4779554762062617 0.6824451684951782, 0.4779497883282602 0.6825190261006355, 0.4779269312275574 0.6826273780316114, 0.4778931745677255 0.6828104117885232))']"
564508_2024_tava.laz,"['POLYGON ((0.3811243386007845 0.7135805236175656, 0.3812101851799525 0.7137226965278387, 0.3813017195789143 0.7136417599394917, 0.3813768518157303 0.7136389510706067, 0.3814678041962907 0.7136921342462301, 0.3815476190065965 0.7134157298132777, 0.3813677248544991 0.7133820224553347, 0.3811984126805328 0.7133333329111338, 0.3810952380881645 0.7133970037102699, 0.3810978835681453 0.7134831454604864, 0.3811243386007845 0.7135805236175656))']"
567596_2022_tava.laz,"['POLYGON ((0.6140333598013967 0.7262572655454278, 0.6139640740584582 0.7266178652644157, 0.6140003703767434 0.7268925094977021, 0.6141510846791789 0.7268786886706948, 0.6142138888826594 0.7265743818134069, 0.6142002380802296 0.7262519095093012, 0.6143424867768772 0.7261310862377286, 0.6143390740617178 0.7256414229050279, 0.6140720899566077 0.7256426587700844, 0.6140333598013967 0.7262572655454278))']"
572634_2022_tava.laz,"['POLYGON ((0.7146481745876372 0.7447673408314586, 0.7147591270040721 0.7446888014674187, 0.7148043121560477 0.7446073777973652, 0.714798333356157 0.7438858421519399, 0.7145577777992003 0.7439209362491965, 0.7145387830678374 0.7444703746587038, 0.7146481745876372 0.7447673408314586))']"
576620_2022_tava.laz,"['POLYGON ((0.679212857154198 0.7570071909576654, 0.6793237301753834 0.7568178651854396, 0.6791965343873017 0.7565731834620237, 0.6790791534585878 0.7566239694133401, 0.6789780423277989 0.7568732956424356, 0.6791019576485269 0.7571964794769883, 0.679212857154198 0.7570071909576654))']"
576688_2022_tava.laz,"['POLYGON ((0.8585504232905805 0.7592228837311268, 0.85865145502612 0.7589438194409013, 0.858538095257245 0.7585693625733256, 0.8584452909999527 0.7585449432954192, 0.8583097619120963 0.7589903371408582, 0.8585504232905805 0.7592228837311268))']"
577619_2022_tava.laz,"['POLYGON ((0.6771441269665956 0.7611314607784152, 0.6772037037299015 0.7611722843721509, 0.6772751322714612 0.7610037447884679, 0.6771560846827924 0.7609288385137916, 0.6770925925811753 0.7610299624502659, 0.6771441269665956 0.7611314607784152))']"
577645_2022_tava.laz,"['POLYGON ((0.7465576190734282 0.7633858425542712, 0.7466436772374436 0.76326400693506, 0.7466584391659126 0.7630586139857769, 0.7465895767090842 0.762898463755846, 0.7464690741035156 0.7627974906936288, 0.746252698416356 0.7625503363087773, 0.7461297354311682 0.7622509356588125, 0.745972354488913 0.7624807115644217, 0.7459551587235183 0.7626234451308846, 0.7460067989304662 0.7629646062850952, 0.74624285713071 0.7632709732279181, 0.7465576190734282 0.7633858425542712))']"
577646_2022_tava.laz,"['POLYGON ((0.7465576190734282 0.7633858425542712, 0.7466436772374436 0.76326400693506, 0.7466584391659126 0.7630586139857769, 0.7465895767090842 0.762898463755846, 0.7464690741035156 0.7627974906936288, 0.746252698416356 0.7625503363087773, 0.7461297354311682 0.7622509356588125, 0.745972354488913 0.7624807115644217, 0.7459551587235183 0.7626234451308846, 0.7460067989304662 0.7629646062850952, 0.74624285713071 0.7632709732279181, 0.7465576190734282 0.7633858425542712))']"
581633_2022_tava.laz,"['POLYGON ((0.7135463492013514 0.7756743812933564, 0.7135463492013514 0.7759283138439059, 0.7135167724918574 0.7761743813753128, 0.7134557407698594 0.7763367034494877, 0.7134446561103687 0.7766010854393244, 0.7137571428320371 0.776747714728117, 0.7139013756532222 0.776407377794385, 0.7139624074334279 0.7761429585516453, 0.7139272751519457 0.7759728087112308, 0.7139235714566894 0.7757502989843488, 0.7135463492013514 0.7756743812933564))']"
586630_2022_tava.laz,"['POLYGON ((0.7056840740842745 0.7966612353920937, 0.7058148148353212 0.7967074904590845, 0.705923730158247 0.7966882390901446, 0.7060626454767771 0.7966419477015734, 0.7060953174368478 0.7963836323469877, 0.7061279893969186 0.7962332582101226, 0.7061252645798959 0.7961291754618287, 0.7060885185492225 0.7960083140060306, 0.7059264550334774 0.7959479400888085, 0.7058066402096301 0.7959788013249636, 0.7056758994585834 0.7962486883625388, 0.705624153430108 0.7965956926345825, 0.7056840740842745 0.7966612353920937))']"
588739_2022_tava.laz,"['POLYGON ((0.9922989418264478 0.8046142319217324, 0.9923544973717071 0.8045842694118619, 0.9923465608735569 0.8043782766908407, 0.9922089947503991 0.8043782766908407, 0.9922989418264478 0.8046142319217324))']"
589670_2022_tava.laz,"['POLYGON ((0.8123142592376098 0.8075168915092945, 0.8124160846346058 0.8074534451588988, 0.8124914285726845 0.8074159547686577, 0.8125505026546307 0.8073698123916984, 0.8126217989483848 0.8073035199195147, 0.812638201052323 0.8072477523237467, 0.8125613227603026 0.8070162916556001, 0.8124941269634292 0.8069993630051613, 0.812450714292936 0.8069978645071387, 0.8123142592376098 0.8070209361612797, 0.8121594709227793 0.8071506740525365, 0.8120942857349291 0.8074073027819395, 0.8120633597718552 0.807522059418261, 0.8120881746290252 0.8075658800080419, 0.8121424074051902 0.8075838200747967, 0.8121941005229019 0.8075716476887465, 0.8123142592376098 0.8075168915092945))']"
589671_2022_tava.laz,"['POLYGON ((0.8123142592376098 0.8075168915092945, 0.8124160846346058 0.8074534451588988, 0.8124914285726845 0.8074159547686577, 0.8125505026546307 0.8073698123916984, 0.8126217989483848 0.8073035199195147, 0.812638201052323 0.8072477523237467, 0.8125613227603026 0.8070162916556001, 0.8124941269634292 0.8069993630051613, 0.812450714292936 0.8069978645071387, 0.8123142592376098 0.8070209361612797, 0.8121594709227793 0.8071506740525365, 0.8120942857349291 0.8074073027819395, 0.8120633597718552 0.807522059418261, 0.8120881746290252 0.8075658800080419, 0.8121424074051902 0.8075838200747967, 0.8121941005229019 0.8075716476887465, 0.8123142592376098 0.8075168915092945))']"
590680_2022_tava.laz,"['POLYGON ((0.8365684127202258 0.8115235203877091, 0.8366357936756685 0.8114442694932222, 0.8366801322554238 0.8113190634176135, 0.8366484655998647 0.8112658420577645, 0.8364607671974227 0.8110745688900352, 0.8364027513307519 0.8110270779579878, 0.8363737301551737 0.81100910063833, 0.8363265873049386 0.8110694382339716, 0.8363283862709068 0.8111695498228073, 0.8363476984086446 0.8112149061635137, 0.8365684127202258 0.8115235203877091))']"
591551_2024_tava.laz,"['POLYGON ((0.4954074074048549 0.8143932577222586, 0.4954701057868078 0.8143704114481807, 0.4954788359464146 0.813910111784935, 0.4953492063214071 0.8133333334699273, 0.4952566137653776 0.8132696626707911, 0.4951164021040313 0.8134494377300143, 0.4953333333251066 0.813992508687079, 0.4954074074048549 0.8143932577222586))']"
591581_2020_tava.laz,"['POLYGON ((0.5878351322608069 0.8395435949787498, 0.5878715608268976 0.8395510483533144, 0.5879140740726143 0.8395470408722758, 0.588012010557577 0.8395447563380003, 0.5880638094968162 0.8395390259101987, 0.5881055026547983 0.8395218346267939, 0.5881296296138316 0.8394606737419963, 0.5881402116501704 0.839411985129118, 0.5881137566175312 0.8392247185111046, 0.5880585714476183 0.8391734454780817, 0.5879947089706548 0.8391573028638959, 0.5879330952302553 0.8391797374933958, 0.5878915343782865 0.839217227883637, 0.5878655026317574 0.8392382021993399, 0.5878333333530463 0.8393071154132485, 0.5878254232811742 0.839358501136303, 0.5878068783204071 0.8394606737419963, 0.5877976719639264 0.8395034074783325, 0.5878067195881158 0.8395337071269751, 0.5878351322608069 0.8395435949787498))']"
591653_2022_tava.laz,"['POLYGON ((0.7664179100538604 0.8150802245363593, 0.766714338620659 0.8153222845867276, 0.7668511640513316 0.8154214974492788, 0.76690648146905 0.8152714977040887, 0.7669518783222884 0.8151536704972386, 0.7668999999877997 0.8148772278800607, 0.7665094444528222 0.814527340233326, 0.7664179100538604 0.8150802245363593))', 'POLYGON ((0.7660298941773362 0.8137094005942345, 0.7661858465871774 0.8137489138171077, 0.7663543121889234 0.8136658053845167, 0.7663706613820978 0.8133823219686747, 0.7661550264456309 0.8131737820804119, 0.7658643121831119 0.81337411981076, 0.7660298941773362 0.8137094005942345))']"
591669_2022_tava.laz,"['POLYGON ((0.8087758994661272 0.8155708611011505, 0.8088323280680925 0.8157470785081387, 0.80900325399125 0.8159326585009694, 0.8091592328273691 0.8160078646615148, 0.8093192592496052 0.8160264417529106, 0.8093874603509903 0.8159084264189005, 0.8093467724975199 0.8157329587265849, 0.809233941778075 0.8156249057501554, 0.80894224869553 0.8153317598626018, 0.8087758994661272 0.8155708611011505))']"
592565_2024_tava.laz,"['POLYGON ((0.5340141534106806 0.8191473409533501, 0.5340477777644992 0.8191458052024245, 0.5340203439118341 0.8190956553444266, 0.5340166666428559 0.8190748309716582, 0.5339957142714411 0.8189410110935569, 0.5339948412729427 0.8189319847151637, 0.5339949735207483 0.8188539696857333, 0.5339991005021147 0.8187774531543255, 0.5340037301648408 0.8187084263190627, 0.5340048148063943 0.8186727333813906, 0.5339906084700488 0.8186421347782016, 0.5339532275102101 0.8185946438461542, 0.5339277512975968 0.8185772281140089, 0.5339141534059308 0.8185711978003383, 0.5338980158558115 0.8185531459748745, 0.5338708200724795 0.8185296999290586, 0.5338181217084639 0.818472733721137, 0.5336911639897153 0.8182795504108071, 0.5336440740502439 0.8182159550487995, 0.5336355291074142 0.8182104118168354, 0.5336108994670212 0.8182248314842582, 0.533599418005906 0.8182789506390691, 0.5335687565966509 0.818298876285553, 0.5335484655806795 0.8183512734249234, 0.53353378304746 0.8184134075418115, 0.5335333862458356 0.8184577524662018, 0.5335076983901672 0.8184942314401269, 0.5334490740788169 0.8186301123350859, 0.5334512433619238 0.8186482768505812, 0.5334479894372635 0.818781872279942, 0.5334382274886593 0.818923145532608, 0.5334349735639989 0.8190260296687484, 0.5334414814715274 0.8190767038613558, 0.5334718518424779 0.8191212359815836, 0.5340141534106806 0.8191473409533501))']"
594654_2022_tava.laz,"['POLYGON ((0.7678960582125001 0.8260285016149282, 0.7679721164167859 0.8258916474878788, 0.7679460581857711 0.8255424713715911, 0.7679048677091487 0.8254741569980979, 0.7678107407409698 0.8255174905061722, 0.767745238088537 0.8255978273227811, 0.7676846560789272 0.8258387260138988, 0.7678960582125001 0.8260285016149282))']"
596650_2022_tava.laz,"['POLYGON ((0.7591239418252371 0.832319812849164, 0.7592021428863518 0.8323754305019975, 0.7593144444399513 0.8323028087615967, 0.7594503174768761 0.8321968158707023, 0.7594586243503727 0.8320064041763544, 0.7593200000119396 0.8319337824359536, 0.7592492857365869 0.8319907113909721, 0.759234021184966 0.8320319475606084, 0.7591536243562587 0.83217719104141, 0.7591081216814928 0.8322466667741537, 0.7591239418252371 0.832319812849164))']"
596651_2022_tava.laz,"['POLYGON ((0.7591239418252371 0.832319812849164, 0.7592021428863518 0.8323754305019975, 0.7593144444399513 0.8323028087615967, 0.7594503174768761 0.8321968158707023, 0.7594586243503727 0.8320064041763544, 0.7593200000119396 0.8319337824359536, 0.7592492857365869 0.8319907113909721, 0.759234021184966 0.8320319475606084, 0.7591536243562587 0.83217719104141, 0.7591081216814928 0.8322466667741537, 0.7591239418252371 0.832319812849164))']"
598586_2022_tava.laz,"['POLYGON ((0.5878351322608069 0.8395435949787498, 0.5878715608268976 0.8395510483533144, 0.5879140740726143 0.8395470408722758, 0.588012010557577 0.8395447563380003, 0.5880638094968162 0.8395390259101987, 0.5881055026547983 0.8395218346267939, 0.5881296296138316 0.8394606737419963, 0.5881402116501704 0.839411985129118, 0.5881137566175312 0.8392247185111046, 0.5880585714476183 0.8391734454780817, 0.5879947089706548 0.8391573028638959, 0.5879330952302553 0.8391797374933958, 0.5878915343782865 0.839217227883637, 0.5878655026317574 0.8392382021993399, 0.5878333333530463 0.8393071154132485, 0.5878254232811742 0.839358501136303, 0.5878068783204071 0.8394606737419963, 0.5877976719639264 0.8395034074783325, 0.5878067195881158 0.8395337071269751, 0.5878351322608069 0.8395435949787498))']"
600638_2022_tava.laz,"['POLYGON ((0.727010634902399 0.8478742688894272, 0.7272042328258976 0.8477869657799602, 0.7275023280526511 0.8476535575464368, 0.7274749206262641 0.8474813476204872, 0.7273018783307634 0.8474570782855153, 0.7270140741020441 0.847721460275352, 0.727010634902399 0.8478742688894272))']"
600639_2022_tava.laz,"['POLYGON ((0.7292444708873518 0.849576217122376, 0.7292797619011253 0.8495288761332631, 0.7293764550122432 0.8493022844195366, 0.7293794973520562 0.8491977527737617, 0.7293419576599263 0.8491557678207755, 0.7292778306873515 0.8491309359669685, 0.7292039947351441 0.8491163663566113, 0.7291731216828339 0.8492474528029561, 0.7291458994732238 0.8493734076619148, 0.729132037027739 0.8494784636422992, 0.729149391525425 0.8495501494035125, 0.7292110317503102 0.8495853925123811, 0.7292444708873518 0.849576217122376))']"
